outcome_group,mean_pred,sd_pred
Adopted,0.7364152473641524,0.2913967715494721
Not Adopted,0.2964442279590843,0.3252313280459913
