outcome_group,mean_pred,sd_pred
Adopted,0.7363071100297378,0.2914102685182738
Not Adopted,0.2963955187530443,0.32418046344783547
